Country Name_population,Country Code,2011_population,2012_population,2013_population,2014_population,2015_population,2016_population,2017_population,2011_pm25,2012_pm25,2013_pm25,2014_pm25,2015_pm25,2016_pm25,2017_pm25,2011_gdp,2012_gdp,2013_gdp,2014_gdp,2015_gdp,2016_gdp,2017_gdp
China,CHN,1344130000.0,1350695000.0,1357380000.0,1364270000.0,1371220000.0,1378665000.0,1386395000.0,70.54202883,63.82701684,65.51455022,59.76736751,59.06342246,52.21132204,52.66459583,6680000000000.0,7210000000000.0,7770000000000.0,8330000000000.0,8910000000000.0,9510000000000.0,10200000000000.0
India,IND,1247236029.0,1263065852.0,1278562207.0,1293859294.0,1309053980.0,1324171354.0,1339180127.0,97.59937863,88.1694406,91.80479161,89.62238269,89.3033343,89.67217693,90.87321047,1760000000000.0,1860000000000.0,1980000000000.0,2130000000000.0,2290000000000.0,2480000000000.0,2660000000000.0
United States,USA,311580009.0,313874218.0,316057727.0,318386421.0,320742673.0,323071342.0,325147121.0,9.740640607000001,9.00316337,8.734777211,8.220720319,8.063920222,7.406464089,7.409441662000001,15200000000000.0,15600000000000.0,15900000000000.0,16200000000000.0,16700000000000.0,17000000000000.0,17300000000000.0
Indonesia,IDN,245707511.0,248883232.0,252032263.0,255131116.0,258162113.0,261115456.0,263991379.0,18.04965117,18.17016951,16.87918132,16.45463183,16.64028042,16.38415363,16.5026533,802000000000.0,850000000000.0,897000000000.0,942000000000.0,988000000000.0,1040000000000.0,1090000000000.0
Brazil,BRA,198686688.0,200560983.0,202408632.0,204213133.0,205962108.0,207652865.0,209288278.0,15.91279799,15.28545576,14.60990092,13.98993477,13.59465562,12.65867601,12.70662947,2300000000000.0,2340000000000.0,2410000000000.0,2420000000000.0,2340000000000.0,2260000000000.0,2280000000000.0
Pakistan,PAK,174184265.0,177911533.0,181712595.0,185546257.0,189380513.0,193203476.0,197015955.0,68.54493561,62.37664629,61.02216287,59.51836271,60.08589291,58.63276393,58.28241877,182000000000.0,189000000000.0,197000000000.0,206000000000.0,216000000000.0,228000000000.0,241000000000.0
Nigeria,NGA,162877076.0,167297284.0,171829303.0,176460502.0,181181744.0,185989640.0,190886311.0,50.97308923,56.1296377,49.74068894,48.63337361,75.39899187,71.369601,71.79817438,383000000000.0,399000000000.0,425000000000.0,452000000000.0,464000000000.0,457000000000.0,460000000000.0
Bangladesh,BGD,153911916.0,155727053.0,157571292.0,159405279.0,161200886.0,162951560.0,164669751.0,70.2105489,70.79390882,65.64508289,68.39537740000002,66.96574924,60.12627467,60.84578458,123000000000.0,131000000000.0,139000000000.0,147000000000.0,157000000000.0,168000000000.0,180000000000.0
Russian Federation,RUS,142960868.0,143201676.0,143506911.0,143819666.0,144096870.0,144342396.0,144496740.0,19.19151083,18.30433841,17.79507055,16.58216295,17.019191199999998,16.21988971,16.16022381,1610000000000.0,1660000000000.0,1690000000000.0,1710000000000.0,1660000000000.0,1650000000000.0,1680000000000.0
Mexico,MEX,119090017.0,120828307.0,122535969.0,124221600.0,125890949.0,127540423.0,129163276.0,27.74129679,25.98165883,25.44908967,23.09968975,22.13299585,20.70682854,20.92111579,1100000000000.0,1140000000000.0,1150000000000.0,1180000000000.0,1220000000000.0,1260000000000.0,1280000000000.0
Japan,JPN,127833000.0,127629000.0,127445000.0,127276000.0,127141000.0,126994511.0,126785797.0,14.14103105,13.12887233,13.36255833,12.58661692,12.68745973,11.62392259,11.70477819,5690000000000.0,5780000000000.0,5890000000000.0,5920000000000.0,6000000000000.0,6050000000000.0,6160000000000.0
Ethiopia,ETH,90046756.0,92444183.0,94887724.0,97366774.0,99873033.0,102403196.0,104957438.0,36.31794195,35.97384213,35.88420536,35.04359745,38.85860469,39.24503758,38.97873776,33279878090.0,36157859259.0,39984181569.0,44085556179.0,48667131303.0,52347226227.0,57710624012.0
Philippines,PHL,95277940.0,96866642.0,98481032.0,100102249.0,101716359.0,103320222.0,104918090.0,22.75483447,22.54958361,21.21628777,20.25958716,19.58154202,18.22692834,18.06979891,207000000000.0,221000000000.0,236000000000.0,251000000000.0,266000000000.0,284000000000.0,303000000000.0
"Egypt, Arab Rep.",EGY,85897561.0,87813257.0,89807433.0,91812566.0,93778172.0,95688681.0,97553151.0,70.78635638,72.79056861,76.21365354,76.55960126,88.21338765,88.1485004,86.99945205,223000000000.0,228000000000.0,233000000000.0,239000000000.0,250000000000.0,261000000000.0,272000000000.0
Vietnam,VNM,89436644.0,90451881.0,91497725.0,92544915.0,93571567.0,94569072.0,95540800.0,38.4869748,37.22745154,36.83590641,34.89601505,32.46644382,30.24131157,29.62672834,123000000000.0,130000000000.0,137000000000.0,145000000000.0,155000000000.0,164000000000.0,175000000000.0
Germany,DEU,80274983.0,80425823.0,80645605.0,80982500.0,81686611.0,82348669.0,82685827.0,14.66422844,13.57764226,13.19191946,12.75122057,12.82609758,11.93781112,12.02876736,3540000000000.0,3560000000000.0,3580000000000.0,3650000000000.0,3720000000000.0,3800000000000.0,3880000000000.0
"Congo, Dem. Rep.",COD,66713597.0,68978682.0,71316033.0,73722860.0,76196619.0,78736153.0,81339988.0,41.49328795,43.03677157,44.49576095,42.5494471,44.93118592,45.49950018,44.9092636,23048292323.0,24681701508.0,26775192727.0,29310880617.0,31338076170.0,32089995419.0,33277598255.0
"Iran, Islamic Rep.",IRN,75491582.0,76453574.0,77435384.0,78411092.0,79360487.0,80277428.0,81162788.0,38.0496892,38.54205244,38.10109206,38.10949306,39.61053238,38.84130248,38.97876028,500000000000.0,463000000000.0,462000000000.0,483000000000.0,477000000000.0,541000000000.0,561000000000.0
Turkey,TUR,73409455.0,74569867.0,75787333.0,77030628.0,78271472.0,79512426.0,80745020.0,40.54510881,41.92091892,42.06258311,42.59577121,45.4015556,44.48275839,44.31152568,858000000000.0,899000000000.0,975000000000.0,1030000000000.0,1090000000000.0,1120000000000.0,1210000000000.0
Thailand,THA,67530130.0,67843979.0,68143065.0,68416772.0,68657600.0,68863514.0,69037513.0,31.60962923,31.52531464,31.17472364,29.36464114,27.34456692,26.25805467,26.25672656,344000000000.0,369000000000.0,379000000000.0,383000000000.0,394000000000.0,407000000000.0,423000000000.0
France,FRA,65342775.0,65659789.0,65998660.0,66316092.0,66593366.0,66859768.0,67105513.0,14.87801926,13.83475371,13.5943087,12.28970307,12.74570798,11.85518422,11.81496362,2700000000000.0,2710000000000.0,2720000000000.0,2750000000000.0,2780000000000.0,2810000000000.0,2870000000000.0
United Kingdom,GBR,63258918.0,63700300.0,64128226.0,64613160.0,65128861.0,65595565.0,66023290.0,12.84799901,11.81449494,11.61890149,10.80055978,10.75487287,10.50466684,10.47269039,2490000000000.0,2530000000000.0,2580000000000.0,2660000000000.0,2720000000000.0,2770000000000.0,2820000000000.0
Italy,ITA,59379449.0,59539717.0,60233948.0,60789140.0,60730582.0,60627498.0,60536709.0,19.99426671,18.10524741,17.75772244,17.76927084,17.89144517,16.49037374,16.75071194,2140000000000.0,2080000000000.0,2040000000000.0,2040000000000.0,2060000000000.0,2090000000000.0,2120000000000.0
Tanzania,TZA,47570902.0,49082997.0,50636595.0,52234869.0,53879957.0,55572201.0,57310019.0,28.72876866,29.96984478,29.35963299,28.87371592,28.2404487,28.44356969,29.07664051,34470432851.0,36021655262.0,38464494648.0,41054102083.0,43583292909.0,46576208275.0,49736720778.0
South Africa,ZAF,52263516.0,52998213.0,53767396.0,54539571.0,55291225.0,56015473.0,56717156.0,26.55787322,26.57708662,26.72926171,26.72221238,26.11297177,25.14041614,25.10220499,388000000000.0,396000000000.0,406000000000.0,414000000000.0,419000000000.0,421000000000.0,427000000000.0
Myanmar,MMR,50553031.0,50986514.0,51448196.0,51924182.0,52403669.0,52885223.0,53370609.0,43.61990347,42.5228124,42.88286944,40.28896854,38.51378205,36.033701,35.55745292,52310879191.0,56146663570.0,60877582017.0,65742258214.0,70339509334.0,74463144018.0,79495831533.0
"Korea, Rep.",KOR,49936638.0,50199853.0,50428893.0,50746659.0,51014947.0,51245707.0,51466201.0,29.68119454,27.91595259,29.46191729,27.21311037,28.2142437,25.09854067,25.03942539,1130000000000.0,1160000000000.0,1190000000000.0,1230000000000.0,1270000000000.0,1310000000000.0,1350000000000.0
Kenya,KEN,42486839.0,43646629.0,44826849.0,46024250.0,47236259.0,48461567.0,49699862.0,28.66288466,29.37227988,28.93534528,28.94935013,28.53628017,28.58337727,28.57837427,42443399231.0,44380180300.0,46989149335.0,49506419900.0,52337439286.0,55409227068.0,58109837754.0
Colombia,COL,46406646.0,46881475.0,47342981.0,47791911.0,48228697.0,48653419.0,49065615.0,21.36777875,20.53663622,19.22334802,18.34420526,17.30028428,16.58060037,16.52721022,307000000000.0,319000000000.0,334000000000.0,350000000000.0,360000000000.0,367000000000.0,373000000000.0
Spain,ESP,46742697.0,46773055.0,46620045.0,46480882.0,46444832.0,46483569.0,46593171.0,12.03799789,11.14962332,10.74258206,10.07458883,10.44910241,9.704138553,9.697927863,1420000000000.0,1380000000000.0,1350000000000.0,1370000000000.0,1420000000000.0,1470000000000.0,1510000000000.0
Ukraine,UKR,45706100.0,45593300.0,45489600.0,45271947.0,45154029.0,45004645.0,44831135.0,23.97110359,22.3287933,21.5323995,20.48689522,21.24645457,20.618187,20.30977582,143000000000.0,144000000000.0,144000000000.0,134000000000.0,121000000000.0,124000000000.0,127000000000.0
Argentina,ARG,41656879.0,42096739.0,42539925.0,42981515.0,43417765.0,43847430.0,44271041.0,17.38298213,16.13507182,15.59737515,14.46698041,14.6316259,13.75144403,13.31183395,449000000000.0,444000000000.0,455000000000.0,444000000000.0,456000000000.0,448000000000.0,460000000000.0
Uganda,UGA,35093648.0,36306796.0,37553726.0,38833338.0,40144870.0,41487965.0,42862958.0,47.06116817,49.62672958,47.72115871,46.93056685,48.94936019,51.94410661,50.49432132,22082345211.0,22929745405.0,23752213779.0,24965074811.0,26260227907.0,27515729480.0,28578668646.0
Algeria,DZA,36819558.0,37565847.0,38338562.0,39113313.0,39871528.0,40606052.0,41318142.0,33.83404774,33.3668262,34.24532791,35.56391718,36.08916357,39.85327385,38.88401070000001,166000000000.0,171000000000.0,176000000000.0,183000000000.0,190000000000.0,196000000000.0,199000000000.0
Sudan,SDN,35167314.0,35990192.0,36849918.0,37737913.0,38647803.0,39578828.0,40533330.0,51.15242727,49.68593895,48.02814491,48.14174218,58.90478573,54.14727633,55.37083444,64342607849.0,64678192683.0,67520612417.0,69329767682.0,72731117404.0,76149479953.0,79411016248.0
Iraq,IRQ,31727053.0,32776571.0,33883145.0,35006080.0,36115649.0,37202572.0,38274618.0,66.36260979,66.84207687,63.80269591,56.56703027,66.26503791,63.95479607,61.63623571,149000000000.0,170000000000.0,183000000000.0,184000000000.0,188000000000.0,213000000000.0,209000000000.0
Poland,POL,38063255.0,38063164.0,38040196.0,38011735.0,37986412.0,37970087.0,37974826.0,26.37250707,24.26397739,22.9287237,22.21089179,22.69131805,20.9757679,20.87782222,503000000000.0,511000000000.0,519000000000.0,536000000000.0,556000000000.0,573000000000.0,601000000000.0
Canada,CAN,34342780.0,34750545.0,35152370.0,35535348.0,35832513.0,36264604.0,36708083.0,8.62446106,8.107410495,7.791636125,7.4284198639999985,7.151582145,6.549074761,6.428383133,1660000000000.0,1690000000000.0,1740000000000.0,1780000000000.0,1800000000000.0,1830000000000.0,1880000000000.0
Morocco,MAR,32858823.0,33333789.0,33824769.0,34318082.0,34803322.0,35276786.0,35739580.0,29.26656426,27.79028358,29.25951913,29.94944999,31.44008691,32.93537423,32.59354146,98106615022.0,101000000000.0,106000000000.0,108000000000.0,113000000000.0,115000000000.0,119000000000.0
Afghanistan,AFG,29708599.0,30696958.0,31731688.0,32758020.0,33736494.0,34656032.0,35530081.0,66.83572711,66.02317421,61.36674452,59.01033025,61.2526558,56.28704672,56.91080835,15924179998.0,17954877147.0,18960483970.0,19477070578.0,19759744157.0,20206376461.0,20744935406.0
Saudi Arabia,SAU,28238020.0,29086357.0,29944476.0,30776722.0,31557144.0,32275687.0,32938213.0,82.41903191,85.51330311,83.63099223,75.60844062,97.432289,84.46577505,87.94544668,581000000000.0,612000000000.0,629000000000.0,652000000000.0,679000000000.0,690000000000.0,684000000000.0
Uzbekistan,UZB,29339400.0,29774500.0,30243200.0,30757700.0,31298900.0,31847900.0,32387200.0,33.99383696,31.6621061,30.80519356,28.900036100000005,30.3943319,27.814347100000006,28.4559012,42597390916.0,46090376971.0,49777607129.0,53656538301.0,57949061364.0,62469088152.0,65779949823.0
Peru,PER,29759989.0,30158966.0,30565716.0,30973354.0,31376671.0,31773839.0,32165485.0,31.57116569,30.49445583,29.74308641,27.5826726,26.03726793,25.54274604,24.78672805,157000000000.0,166000000000.0,176000000000.0,180000000000.0,186000000000.0,194000000000.0,199000000000.0
"Venezuela, RB",VEN,29463291.0,29893080.0,30317848.0,30738378.0,31155134.0,31568179.0,31977065.0,22.03310792,21.24572753,20.42894973,19.10406153,18.30300574,16.76799384,17.00855357,410000000000.0,433000000000.0,438000000000.0,421000000000.0,,,
Malaysia,MYS,28635128.0,29170456.0,29706724.0,30228017.0,30723155.0,31187265.0,31624264.0,19.20260869,19.1822225,17.55444704,16.92315529,17.44091023,15.75128619,16.03580871,269000000000.0,283000000000.0,297000000000.0,314000000000.0,330000000000.0,344000000000.0,365000000000.0
Angola,AGO,24218565.0,25096150.0,25998340.0,26920466.0,27859305.0,28813463.0,29784193.0,33.10419463,33.41549506,34.66392257,32.97402504,32.72987314,31.78538881,32.38850491,86708999529.0,94115810021.0,98778862980.0,104000000000.0,105000000000.0,102000000000.0,102000000000.0
Mozambique,MOZ,24939005.0,25676606.0,26434372.0,27212382.0,28010691.0,28829476.0,29668834.0,22.6090715,22.86760109,22.63615999,22.61416414,21.90588194,21.47182554,21.29869546,10876976989.0,11659922005.0,12492636711.0,13422597263.0,14307681441.0,14846118925.0,15400912190.0
Nepal,NPL,27327147.0,27649925.0,27985310.0,28323241.0,28656282.0,28982771.0,29304998.0,100.7660607,96.96329149,95.31398561,98.11601657,96.25276818,98.05471403,99.73437372,16550239852.0,17341538638.0,18057549556.0,19139013429.0,19774984747.0,19891395830.0,21463958187.0
Ghana,GHA,25121796.0,25733049.0,26346251.0,26962563.0,27582821.0,28206728.0,28833629.0,28.21169897,28.89742723,27.81534006,25.8895233,34.68190071,36.25265622,34.7135141,36694403096.0,40104336703.0,43036976359.0,44283946426.0,45248542334.0,46808618405.0,50620453225.0
"Yemen, Rep.",YEM,24252206.0,24909969.0,25576322.0,26246327.0,26916207.0,27584213.0,28250420.0,50.83529078,51.43445402,52.99844335,48.33865267,54.26028666,50.12762567,50.45600689,26976988196.0,27622544883.0,28954923602.0,28900288489.0,24080164529.0,20800094925.0,19564086828.0
Madagascar,MDG,21743949.0,22346573.0,22961146.0,23589801.0,24234088.0,24894551.0,25570895.0,23.36285963,22.71642527,23.90916176,23.51776666,22.95040117,22.89570824,22.54228288,8856903643.0,9125047118.0,9330835549.0,9640232448.0,9940681351.0,10356200861.0,10788136744.0
"Korea, Dem. People√ïs Rep.",PRK,24722298.0,24854034.0,24985976.0,25116363.0,25243917.0,25368620.0,25490965.0,38.89336879,36.40751446,37.13485586,35.2402154,37.41178381,31.75842415,32.00745162,,,,,,,
Australia,AUS,22340024.0,22733465.0,23128129.0,23475686.0,23815995.0,24190907.0,24601860.0,11.04726492,10.53708999,9.98768389,9.492978752,9.320015289,8.614508923999999,8.550324401000001,1170000000000.0,1220000000000.0,1250000000000.0,1280000000000.0,1310000000000.0,1350000000000.0,1380000000000.0
Cote d'Ivoire,CIV,20895311.0,21418603.0,21966312.0,22531350.0,23108472.0,23695919.0,24294750.0,22.59307255,22.49440447,21.30554316,20.90017764,27.68749396,26.67470411,25.88626634,23792758396.0,26340131050.0,28681616270.0,31203899802.0,33963218674.0,36670680111.0,39495088685.0
Cameroon,CMR,20520447.0,21082383.0,21655715.0,22239904.0,22834522.0,23439189.0,24053727.0,58.07690148,62.776697,58.18633815,56.71530558,77.05174298,73.20529127,72.79309622,27223369236.0,28460199047.0,29998263825.0,31763379465.0,33558475340.0,35118434874.0,36364818793.0
Niger,NER,17064636.0,17731634.0,18426372.0,19148219.0,19896965.0,20672987.0,21477348.0,72.98276678,72.54464459,63.03171725,60.54135722,87.28128201,87.70847201,94.05381768,5849222101.0,6542344343.0,6887022187.0,7405549054.0,7726733076.0,8107346610.0,8504074484.0
Sri Lanka,LKA,20315017.0,20425000.0,20585000.0,20778000.0,20966000.0,21203000.0,21444000.0,31.23207466,30.08397283,28.89822769,26.92277652,25.33734371,14.02544523,11.09961724,61493396999.0,67116705113.0,69395808983.0,72838327290.0,76485840044.0,79903861972.0,82547720664.0
Romania,ROU,20147528.0,20058035.0,19983693.0,19908979.0,19815481.0,19702332.0,19583986.0,17.63675464,16.31584539,15.36930935,15.00649546,15.43355526,14.53706284,14.61134019,170000000000.0,173000000000.0,179000000000.0,185000000000.0,192000000000.0,202000000000.0,216000000000.0
Burkina Faso,BFA,16081904.0,16571216.0,17072723.0,17585977.0,18110624.0,18646433.0,19193382.0,37.28137549,38.78415146,33.28720021,33.96909317,46.56216758,41.53724291,42.93559251,9575057058.0,10192906646.0,10783339867.0,11249917445.0,11688050886.0,12381635617.0,13161938187.0
Malawi,MWI,15627618.0,16097305.0,16577147.0,17068838.0,17573607.0,18091575.0,18622104.0,25.16500891,25.73840151,24.68347878,25.19822884,24.53742932,23.09261542,23.56592147,7297481088.0,7435096950.0,7821721991.0,8267560145.0,8499051829.0,8710171729.0,9058581257.0
Mali,MLI,15540989.0,16006670.0,16477818.0,16962846.0,17467905.0,17994837.0,18541980.0,35.14164437,34.7002263,32.30682338,33.91611574,41.92692766,38.48039528,38.52660616,11024767958.0,10932581179.0,11184422458.0,11972181171.0,12686032241.0,13421822111.0,14146600519.0
Chile,CHL,17153357.0,17309746.0,17462982.0,17613798.0,17762681.0,17909754.0,18054726.0,27.24586707,25.0471553,23.9366936,22.86825181,22.56979255,20.87687041,21.03629906,232000000000.0,244000000000.0,254000000000.0,259000000000.0,265000000000.0,268000000000.0,272000000000.0
Kazakhstan,KAZ,16557201.0,16792089.0,17035550.0,17288285.0,17542806.0,17794055.0,18037776.0,15.24383546,14.48103768,14.5985643,13.74975351,14.38480208,13.08443846,13.82428836,159000000000.0,167000000000.0,177000000000.0,184000000000.0,186000000000.0,188000000000.0,196000000000.0
Netherlands,NLD,16693074.0,16754962.0,16804432.0,16865008.0,16939923.0,17030314.0,17131296.0,14.98813864,13.81241373,13.04314511,12.82879707,12.93210515,12.02524278,12.03440807,860000000000.0,851000000000.0,850000000000.0,862000000000.0,879000000000.0,898000000000.0,924000000000.0
Zambia,ZMB,14264756.0,14699937.0,15153210.0,15620974.0,16100587.0,16591390.0,17094130.0,28.98711674,29.74203953,29.11222078,28.49325189,28.37545168,27.35567371,27.43803476,21393258427.0,23018636259.0,24183235705.0,25318838465.0,26058118447.0,27037168289.0,27957288779.0
Guatemala,GTM,14948919.0,15271056.0,15596214.0,15923559.0,16252429.0,16582469.0,16913503.0,31.72733122,29.88625889,30.05682402,26.52785542,25.072726100000004,23.79782877,24.07064893,43059051146.0,44337843575.0,45977273284.0,47896442436.0,49879376399.0,51421887414.0,52841305561.0
Ecuador,ECU,15177355.0,15419666.0,15661547.0,15903112.0,16144368.0,16385068.0,16624858.0,19.321995,19.55771048,18.1186093,16.23418751,15.69970761,14.98157801,14.88610066,75028081292.0,79261137178.0,83181798259.0,86333447252.0,86418807383.0,85358980970.0,87380611574.0
Zimbabwe,ZWE,14386649.0,14710826.0,15054506.0,15411675.0,15777451.0,16150362.0,16529904.0,23.07421266,23.19809712,23.11108755,22.80594966,21.73370858,21.72694718,22.25167109,13750837258.0,16042473246.0,16361637090.0,16750541640.0,17048679959.0,17177545688.0,17985583517.0
Cambodia,KHM,14537886.0,14776866.0,15022692.0,15270790.0,15517635.0,15762370.0,16005373.0,30.91962359,31.28373261,30.33652957,28.58336628,26.76923854,25.20287478,25.61429187,12037055708.0,12917367180.0,13867654630.0,14858161722.0,15903594934.0,16995073301.0,18201700723.0
Senegal,SEN,13300910.0,13703513.0,14120320.0,14546111.0,14976994.0,15411614.0,15850567.0,35.93539952,36.16775596,34.0182249,36.82683776,44.34080072,38.69494655,40.6958259,16451547989.0,17293438557.0,17781477664.0,18957455708.0,20164485187.0,21420420044.0,22952791256.0
Chad,TCD,12288651.0,12705135.0,13133589.0,13569438.0,14009413.0,14452543.0,14899994.0,55.19515958,58.67538804,53.0564069,51.24716851,68.68239375,64.77076912,66.0292055,10666537556.0,11614000868.0,12275999076.0,13123041176.0,13486244396.0,12642608725.0,12269174946.0
Somalia,SOM,12404725.0,12763776.0,13132349.0,13513125.0,13908129.0,14317996.0,14742523.0,31.23015581,31.58710495,29.551572600000004,30.40108067,32.01839243,31.75174608,32.03458423,,,,,,,
Guinea,GIN,11035170.0,11281469.0,11536615.0,11805509.0,12091533.0,12395924.0,12717176.0,22.44535934,22.98996509,21.25856145,21.19667275,26.94288524,24.77771417,26.0624902,7238091704.0,7666363201.0,7968018035.0,8263428449.0,8578674103.0,9475497772.0,10480310146.0
South Sudan,SSD,10448857.0,10818258.0,11177490.0,11530971.0,11882136.0,12230730.0,12575714.0,45.10147241,43.97405864,42.64200121,41.90056033,47.76803169,44.84657199,45.57750557,,,,,,,
Rwanda,RWA,10516071.0,10788853.0,11065151.0,11345357.0,11629553.0,11917508.0,12208407.0,42.68095937,44.56089624,44.41158508,42.21148744,42.61448971,42.84380209,43.21021716,6222456868.0,6771297545.0,7090466089.0,7631084047.0,8307806854.0,8804722944.0,9338098208.0
Tunisia,TUN,10761467.0,10886668.0,11014558.0,11143908.0,11273661.0,11403248.0,11532127.0,33.86835212,32.81580557,35.65414466,34.69205883,36.30424932,38.45049077,37.65599375,43206394579.0,44933645382.0,46225723068.0,47599273439.0,48148386195.0,48682059522.0,49633854967.0
Cuba,CUB,11354651.0,11382146.0,11412167.0,11439767.0,11461432.0,11475982.0,11484636.0,24.78731963,23.23978714,22.85074328,21.29623433,20.86409957,19.73784135,19.7060474,66130664082.0,68124437665.0,69996226460.0,70729490571.0,73868565770.0,74248073998.0,75572286635.0
Belgium,BEL,11038264.0,11106932.0,11159407.0,11209057.0,11274196.0,11331422.0,11382393.0,15.69844257,14.74189365,14.02266986,13.2336213,13.56652303,12.83308751,12.88651847,492000000000.0,493000000000.0,494000000000.0,501000000000.0,509000000000.0,517000000000.0,526000000000.0
Benin,BEN,9460802.0,9729160.0,10004451.0,10286712.0,10575952.0,10872298.0,11175692.0,32.58084623,31.99200044,31.44329865,29.66045567,40.47068263,38.44770366,38.99995876,7176751732.0,7522418418.0,8063258962.0,8575423620.0,8755148067.0,9102277423.0,9633652295.0
Bolivia,BOL,10078343.0,10239004.0,10400264.0,10562159.0,10724705.0,10887882.0,11051600.0,27.90420439,26.39024388,26.09046897,24.81882932,22.47639992,21.386604100000003,21.5689866,20672314545.0,21731207275.0,23208062665.0,24475355115.0,25664169101.0,26758468587.0,27881041740.0
Burundi,BDI,9043508.0,9319710.0,9600186.0,9891790.0,10199270.0,10524117.0,10864245.0,38.23619121,41.01132776,39.97107204,39.38755864,38.43088048,38.65322349,38.89626795,2114083183.0,2208090294.0,2316820972.0,2415069278.0,2320881502.0,2306955749.0,2318490758.0
Dominican Republic,DOM,10027095.0,10154950.0,10281296.0,10405844.0,10528394.0,10648791.0,10766998.0,17.29977986,16.15283991,15.39695063,14.1880737,14.85822076,13.69022772,13.72632115,55674398434.0,57187276664.0,59975273688.0,64555004674.0,69095397696.0,73664129265.0,77017184252.0
Greece,GRC,11104899.0,11045011.0,10965211.0,10892413.0,10820883.0,10775971.0,10753531.0,20.00154124,18.4207689,17.77941628,17.36504185,17.74055711,16.3289203,16.21826638,272000000000.0,252000000000.0,244000000000.0,246000000000.0,245000000000.0,244000000000.0,248000000000.0
Czech Republic,CZE,10496088.0,10510785.0,10514272.0,10525347.0,10546059.0,10566332.0,10594438.0,20.08124665,18.74317608,17.996287,17.39121549,17.41645169,16.1005837,16.07124535,211000000000.0,209000000000.0,208000000000.0,214000000000.0,225000000000.0,231000000000.0,241000000000.0
Portugal,PRT,10557560.0,10514844.0,10457295.0,10401062.0,10358076.0,10325452.0,10300300.0,10.35501263,9.484802799,9.432044129,8.78479289,8.823283435,8.052763686,8.160752248,234000000000.0,225000000000.0,222000000000.0,224000000000.0,228000000000.0,232000000000.0,239000000000.0
Sweden,SWE,9449213.0,9519374.0,9600379.0,9696110.0,9799186.0,9923085.0,10057698.0,7.3912213310000014,6.6279419960000014,6.431168897,6.959197681,6.322498333,6.114258462,6.18466509,502000000000.0,501000000000.0,507000000000.0,520000000000.0,543000000000.0,558000000000.0,569000000000.0
Azerbaijan,AZE,9173082.0,9295784.0,9416801.0,9535079.0,9649341.0,9757812.0,9854033.0,23.6298688,22.18081034,22.27878046,20.71006751,21.41412281,20.20815664,19.92866362,52937578302.0,54102205125.0,57238335961.0,58383102680.0,59025316699.0,57195531762.0,57252727187.0
Hungary,HUN,9971727.0,9920362.0,9893082.0,9866468.0,9843028.0,9814023.0,9787966.0,19.36069,17.52996008,17.231831200000002,16.31532793,17.23213014,15.88535024,15.92604819,133000000000.0,131000000000.0,134000000000.0,139000000000.0,144000000000.0,148000000000.0,154000000000.0
Jordan,JOR,7574943.0,7992573.0,8413464.0,8809306.0,9159302.0,9455802.0,9702353.0,33.01726148,33.01693524,33.41761072,33.20542058,34.30544926,33.17661668,33.00608118,27108947011.0,27827651432.0,28614830798.0,29500840468.0,30206410880.0,30811666897.0,31418663971.0
Belarus,BLR,9473172.0,9464495.0,9465997.0,9474511.0,9489616.0,9501534.0,9498264.0,22.91114578,21.64637226,20.59045954,19.76605366,20.07627636,18.87823952,18.76557991,61820512466.0,62863508301.0,63494325276.0,64590481691.0,62116943621.0,60547592313.0,62013997099.0
Honduras,HND,8351600.0,8505646.0,8657785.0,8809216.0,8960829.0,9112867.0,9265067.0,28.90074716,27.44714935,27.68413611,23.16154008,22.40619622,21.08695992,20.62885065,16446892853.0,17125933704.0,17604014377.0,18142359319.0,18839040425.0,19545909275.0,20481239263.0
Tajikistan,TJK,7815949.0,7995062.0,8177809.0,8362745.0,8548651.0,8734951.0,8921343.0,54.319961,48.98960355,49.55313763,46.48082923,47.79297353,43.37770931,46.15218537,6059735880.0,6513378379.0,6995373534.0,7464481118.0,7912968588.0,8456824084.0,9101022077.0
Austria,AUT,8391643.0,8429991.0,8479823.0,8546356.0,8642699.0,8736668.0,8797566.0,15.57337093,14.28233205,14.08161348,13.37922794,13.54109517,12.59681605,12.47796673,403000000000.0,406000000000.0,406000000000.0,409000000000.0,414000000000.0,422000000000.0,433000000000.0
Israel,ISR,7765800.0,7910500.0,8059500.0,8215700.0,8380100.0,8546000.0,8713300.0,23.90468673,23.03884904,22.94633022,22.05914688,22.7797827,20.76570151,21.38110224,245000000000.0,251000000000.0,261000000000.0,271000000000.0,278000000000.0,289000000000.0,299000000000.0
Switzerland,CHE,7912398.0,7996861.0,8089346.0,8188649.0,8282396.0,8373338.0,8450851.0,13.04922122,12.26138801,11.82005499,11.38910719,11.16525468,10.34263047,10.303100099999998,594000000000.0,600000000000.0,611000000000.0,626000000000.0,634000000000.0,644000000000.0,655000000000.0
Papua New Guinea,PNG,7269348.0,7430836.0,7592865.0,7755785.0,7919825.0,8084991.0,8251162.0,15.51903383,14.60653316,13.95262793,13.24529823,13.2617261,12.61505599,12.29441826,14408526151.0,15078295061.0,15655783399.0,18070132678.0,19027666647.0,19330660418.0,19822767444.0
Togo,TGO,6679282.0,6859482.0,7042948.0,7228915.0,7416802.0,7606374.0,7797694.0,30.85480627,31.36920959,29.56592775,28.93629146,38.35682101,37.05110734,35.73133561,3645225926.0,3883751541.0,4121139759.0,4365135489.0,4615819478.0,4851225904.0,5064680352.0
Sierra Leone,SLE,6611692.0,6766103.0,6922079.0,7079162.0,7237025.0,7396190.0,7557212.0,18.74315581,20.10129417,18.43566679,17.69823222,22.52859793,21.34393233,21.62594668,2740829819.0,3156936273.0,3810919876.0,3984574820.0,3163801389.0,3355384560.0,3496685933.0
"Hong Kong SAR, China",HKG,7071600.0,7150100.0,7178900.0,7229500.0,7291300.0,7336600.0,7391700.0,,,,,,,,240000000000.0,244000000000.0,251000000000.0,258000000000.0,264000000000.0,270000000000.0,280000000000.0
Bulgaria,BGR,7348328.0,7305888.0,7265115.0,7223938.0,7177991.0,7127822.0,7075947.0,24.30032702,22.64465578,20.99963709,20.74356996,20.77642742,19.28301303,19.14913234,51579193177.0,51595167186.0,51850006769.0,52802761608.0,54635643698.0,56786516854.0,58950791932.0
Serbia,SRB,7234099.0,7199077.0,7164132.0,7130576.0,7095383.0,7058322.0,7020858.0,31.03402776,28.5847484,27.43078591,26.49207255,26.95437789,24.78062162,24.72635819,40013381123.0,39607137114.0,40625727368.0,39881747973.0,40183938020.0,41308012850.0,42079410618.0
Lao PDR,LAO,6333487.0,6415169.0,6494557.0,6576397.0,6663967.0,6758353.0,6858160.0,29.66966026,30.29741812,30.25948938,28.39017177,26.13948876,25.80101805,25.10953834,7700771123.0,8318842593.0,8986537875.0,9670589853.0,10373602257.0,11102149875.0,11867393084.0
Paraguay,PRY,6293783.0,6379219.0,6465740.0,6552584.0,6639119.0,6725308.0,6811297.0,14.59811855,13.94830615,12.92656928,12.6410755,13.03807402,11.64932248,11.90908085,28372405344.0,28219616269.0,30595001138.0,32082190602.0,33070442062.0,34496738802.0,36294202789.0
El Salvador,SLV,6192560.0,6221246.0,6250777.0,6281189.0,6312478.0,6344722.0,6377853.0,33.62826513,30.93397435,30.75988157,27.50259084,26.47473092,24.73648611,24.47229229,19151123032.0,19690049938.0,20157726890.0,20556700057.0,21045462141.0,21588556595.0,22089971818.0
Libya,LBY,6193501.0,6198258.0,6195970.0,6204108.0,6234955.0,6293253.0,6374616.0,44.63173396,44.9113635,49.2794823,47.50123391,51.53264014,52.1292063,54.25468179,28357141373.0,63275999127.0,54670463262.0,41549552060.0,37867414402.0,36808842613.0,46627921660.0
Nicaragua,NIC,5807820.0,5877108.0,5945747.0,6013997.0,6082035.0,6149928.0,6217581.0,22.47952015,22.35271161,21.92907575,19.38772134,18.56913277,17.7277291,17.61418045,9311876958.0,9916789200.0,10405398732.0,10903344947.0,11423282813.0,11955466051.0,12536632611.0
Kyrgyz Republic,KGZ,5514600.0,5607200.0,5719600.0,5835500.0,5956900.0,6079500.0,6198200.0,27.51760207,25.48983252,25.44035534,23.29819153,24.34473551,23.1955558,22.73776806,5079922900.0,5075444938.0,5629453576.0,5855984963.0,6082952723.0,6346700788.0,6637610602.0
Lebanon,LBN,4588368.0,4916404.0,5276102.0,5603279.0,5851479.0,6006668.0,6082357.0,30.06910747,30.10805188,30.58809767,30.44456692,31.22929528,30.17186865,30.62111051,38772202673.0,39857674715.0,40914960465.0,41720605030.0,41822123314.0,42550138576.0,43200771504.0
Denmark,DNK,5570572.0,5591572.0,5614932.0,5643475.0,5683483.0,5728010.0,5764980.0,12.66233138,11.11552501,10.82027884,11.06670453,10.65728566,10.09597196,10.02965344,326000000000.0,327000000000.0,330000000000.0,335000000000.0,343000000000.0,352000000000.0,359000000000.0
Turkmenistan,TKM,5174061.0,5267839.0,5366277.0,5466241.0,5565284.0,5662544.0,5758075.0,25.49609942,23.80201005,23.721889800000003,22.08490686,22.97054002,21.74112228,21.76772098,25902882089.0,28778101991.0,31713468423.0,34979955661.0,37253652748.0,39563379206.0,42134998872.0
Singapore,SGP,5183688.0,5312437.0,5399162.0,5469724.0,5535002.0,5607283.0,5612253.0,19.34942078,20.88649301,18.70707148,17.40887705,20.66338947,18.79780262,19.0782565,251000000000.0,262000000000.0,275000000000.0,286000000000.0,292000000000.0,299000000000.0,310000000000.0
Finland,FIN,5388272.0,5413971.0,5438972.0,5461512.0,5479531.0,5495303.0,5508214.0,7.283699707999999,6.601133581,6.278689198,6.468639868,6.063834353,5.893757483,5.861331001,254000000000.0,251000000000.0,249000000000.0,247000000000.0,248000000000.0,255000000000.0,262000000000.0
Slovak Republic,SVK,5398384.0,5407579.0,5413393.0,5418649.0,5423801.0,5430798.0,5439232.0,21.76719851,19.76493293,19.31549268,18.30418161,18.8026457,17.35366264,17.56291134,92024135539.0,93549112293.0,94943598803.0,97554865847.0,102000000000.0,105000000000.0,108000000000.0
Norway,NOR,4953088.0,5018573.0,5079623.0,5137232.0,5188607.0,5234519.0,5276968.0,8.853510781,7.925281241,7.633674824,7.670895927,7.242775336,6.95945733,6.956519803,433000000000.0,445000000000.0,450000000000.0,459000000000.0,468000000000.0,473000000000.0,483000000000.0
"Congo, Rep.",COG,4512730.0,4633363.0,4751393.0,4871101.0,4995648.0,5125821.0,5260750.0,44.15559345,43.48998719,46.12663732,45.85281627,44.14769514,45.7110424,46.63822028,12418629884.0,12890534257.0,13334059546.0,14238097603.0,14614906845.0,14205686708.0,13765310420.0
Costa Rica,CRI,4600474.0,4654122.0,4706401.0,4757575.0,4807852.0,4857274.0,4905769.0,19.70213293,19.33512768,18.34151711,17.54363411,16.87928994,15.65581227,15.7259203,38873833296.0,40738579949.0,41662949490.0,43127543221.0,44693819768.0,46591514831.0,48119932948.0
Ireland,IRL,4580084.0,4599533.0,4623816.0,4657740.0,4701957.0,4755335.0,4811321.0,10.28507938,9.522691992999999,9.360153635,8.750521532999999,8.672473457999999,8.279163345,8.208576735,230000000000.0,231000000000.0,234000000000.0,254000000000.0,318000000000.0,334000000000.0,358000000000.0
New Zealand,NZL,4384000.0,4408100.0,4442100.0,4509700.0,4595700.0,4693200.0,4793900.0,7.420696435,6.83583564,6.781885551,6.357903512,6.33043381,5.987363154,5.956001129,151000000000.0,154000000000.0,157000000000.0,163000000000.0,170000000000.0,176000000000.0,181000000000.0
Liberia,LBR,4070167.0,4181563.0,4286291.0,4390737.0,4499621.0,4613823.0,4731906.0,16.14705151,16.28820747,15.38285732,14.94227071,18.21280418,17.88677836,17.98411246,2161851301.0,2334665710.0,2537875669.0,2555669829.0,2555669829.0,2514789742.0,2576870498.0
West Bank and Gaza,PSE,3927051.0,4046901.0,4169506.0,4294682.0,4422143.0,4551566.0,4684777.0,32.87331274,32.76945904,33.49296358,33.44828276,33.89141151,32.74206764,33.22563038,10019539737.0,10649191297.0,10885328831.0,10865529383.0,11238079289.0,11767216976.0,12136735452.0
Central African Republic,CAF,4476153.0,4490416.0,4499653.0,4515392.0,4546100.0,4594621.0,4659080.0,51.22953137,53.35883384,50.87491368,49.35636376,58.32609851,56.98542248,56.82849738,2051568714.0,2135945588.0,1352054573.0,1366116185.0,1431688205.0,1496562092.0,1560913335.0
Oman,OMN,3237268.0,3464644.0,3711481.0,3960925.0,4199810.0,4424762.0,4636262.0,39.10379482,40.73328348,41.0527687,37.71088051,42.62758972,41.78219181,41.11523827,57992197659.0,63404421326.0,66176853056.0,67997399220.0,71221326398.0,74768270221.0,74074382055.0
Mauritania,MRT,3717672.0,3830239.0,3946170.0,4063920.0,4182341.0,4301018.0,4420184.0,40.04314497,42.34351169,40.21579155,43.11078408,49.49825592,46.66758772,47.42299178,4541843582.0,4805046968.0,5097686760.0,5382114429.0,5457464031.0,5566613311.0,5761444777.0
Kuwait,KWT,3191051.0,3395556.0,3598385.0,3782450.0,3935794.0,4052584.0,4136528.0,62.82540677,64.07091103,62.61130895,55.62390422,65.40607715,60.84385161,60.74515954,127000000000.0,135000000000.0,136000000000.0,137000000000.0,138000000000.0,143000000000.0,139000000000.0
Croatia,HRV,4280622.0,4267558.0,4255689.0,4238389.0,4203604.0,4174349.0,4124531.0,21.96600369,20.2024228,19.58696201,18.43310352,19.20668151,17.78931891,17.90177229,59640623501.0,58268505768.0,57981971089.0,57931229124.0,59321921508.0,61419621504.0,63213911836.0
Panama,PAN,3707782.0,3772938.0,3838462.0,3903986.0,3969249.0,4034119.0,4098587.0,14.29603899,13.97236651,13.397870499999998,12.92161513,12.49074394,11.46554742,11.40005433,32771051606.0,35975676272.0,38459234341.0,40407814957.0,42724269829.0,44846154387.0,47232508571.0
Georgia,GEO,3756441.0,3728874.0,3717668.0,3719414.0,3725276.0,3727505.0,3728004.0,26.78360332,25.00284928,23.91020353,22.96670742,24.25264627,21.82963618,22.19605462,12479016506.0,13271494212.0,13721005572.0,14355373148.0,14768853662.0,15189614371.0,15923763449.0
Moldova,MDA,3559986.0,3559519.0,3558566.0,3556397.0,3554108.0,3551954.0,3549196.0,19.92486817,18.40928474,17.43239973,16.72646105,17.07913959,16.36379754,16.25103271,6206793144.0,6163345583.0,6742700074.0,7066349660.0,7038084252.0,7354798041.0,7685763946.0
Bosnia and Herzegovina,BIH,3688865.0,3648200.0,3604999.0,3566002.0,3535961.0,3516816.0,3507017.0,34.19186648,31.77325971,30.44623075,28.77732513,29.62283839,27.59446709,27.74766896,17341498612.0,17198998442.0,17603071037.0,17805439832.0,18353281641.0,18930321663.0,19533480057.0
Uruguay,URY,3385624.0,3396777.0,3408005.0,3419546.0,3431552.0,3444006.0,3456750.0,11.468732199999998,10.5672946,10.45560559,9.926816159,9.65945432,9.197441119,9.27488332,42364020184.0,43862934925.0,45897095482.0,47383606579.0,47559277163.0,48362932954.0,49647783476.0
Puerto Rico,PRI,3678732.0,3634488.0,3593077.0,3534874.0,3473166.0,3406495.0,3325001.0,10.57940611,9.96624445,9.703754136,9.089227717,8.920910287,8.342871257999999,8.349033339,98028592583.0,98057290562.0,97756424655.0,96592767902.0,95579081232.0,94310815718.0,92066818925.0
Mongolia,MNG,2761516.0,2814226.0,2869107.0,2923896.0,2976877.0,3027398.0,3075647.0,45.36017005,42.6543748,42.32131127,39.29514006,42.51464988,38.22281711,40.11284905,8432599136.0,9471480158.0,10574804943.0,11408652157.0,11680159346.0,11816629564.0,12443108088.0
Armenia,ARM,2875581.0,2881922.0,2893509.0,2906220.0,2916950.0,2924816.0,2930450.0,38.61227522,37.18448464,34.9372126,33.08594982,34.88143264,32.22716773,32.52811834,9695518330.0,10393595650.0,10736584306.0,11123101341.0,11479040584.0,11501998665.0,12364648565.0
Jamaica,JAM,2829493.0,2840992.0,2851807.0,2862087.0,2871934.0,2881355.0,2890299.0,16.54249891,15.46047097,14.93139975,14.07433169,14.1766593,13.39596321,13.40415053,13428092060.0,13345520232.0,13412757292.0,13505052829.0,13627252758.0,13815398566.0,13950590008.0
Albania,ALB,2905195.0,2900401.0,2895092.0,2889104.0,2880703.0,2876101.0,2873457.0,22.77253665,20.57825918,19.93851711,18.88395497,19.51253962,18.18993375,18.20060252,12231094665.0,12404776209.0,12528823971.0,12750584155.0,13033647123.0,13470274302.0,13986932579.0
Lithuania,LTU,3028115.0,2987773.0,2957689.0,2932367.0,2904910.0,2868231.0,2828403.0,14.50968278,13.78452468,12.98119203,12.84519425,12.45503512,11.82161558,11.85328236,39363759100.0,40870192058.0,42300068778.0,43796470015.0,44681433749.0,45732868896.0,47626186104.0
Qatar,QAT,1952054.0,2109568.0,2250473.0,2374419.0,2481539.0,2569804.0,2639211.0,81.27300550000002,89.24697128,88.89051503,78.83284035,94.40389119,88.22244652,91.18732793,142000000000.0,149000000000.0,155000000000.0,161000000000.0,167000000000.0,171000000000.0,173000000000.0
Namibia,NAM,2215621.0,2263934.0,2316520.0,2370992.0,2425561.0,2479713.0,2533794.0,27.01015451,26.79870806,27.09281609,26.01812153,26.91001673,25.55214196,25.3587654,11856607187.0,12456750940.0,13156162589.0,13991799669.0,14843393222.0,14938635789.0,14797041274.0
Botswana,BWA,2051339.0,2089315.0,2128507.0,2168573.0,2209197.0,2250260.0,2291661.0,24.59211459,24.85403894,24.87425931,24.15127779,24.33025796,23.63126742,23.09438618,13560031675.0,14164289360.0,15771004795.0,16425383651.0,16146491230.0,16843290880.0,17240806145.0
Lesotho,LSO,2064166.0,2089928.0,2117361.0,2145785.0,2174645.0,2203821.0,2233339.0,31.3547412,31.21324307,32.14869782,33.08010261,30.88497707,28.33683335,28.02865352,2524596361.0,2676023465.0,2725363040.0,2810441002.0,2888196342.0,2980011719.0,2911879739.0
"Gambia, The",GMB,1746363.0,1802125.0,1859324.0,1917852.0,1977590.0,2038501.0,2100568.0,29.26492223,30.72906478,29.80467273,30.62189539,36.30538082,32.61530208,33.98263855,910925126.1,961934758.1,1008001063.0,998523478.7,1057119309.0,1061406948.0,1109783032.0
North Macedonia,MKD,2072383.0,2074036.0,2075739.0,2077495.0,2079308.0,2081206.0,2083160.0,38.0831195,34.65781455,32.01504863,31.79054123,31.97598914,29.59326907,29.72694451,9627285730.0,9583392749.0,9863680783.0,10221697015.0,10615805819.0,10918190833.0,10944451376.0
Slovenia,SVN,2052843.0,2057159.0,2059953.0,2061980.0,2063531.0,2065042.0,2066388.0,19.5141379,17.67007906,17.57137864,16.63270074,17.12815192,15.91273727,16.02397998,48325391228.0,47035305258.0,46502839741.0,47888250500.0,48969999339.0,50511749002.0,53037744699.0
Gabon,GAB,1697101.0,1756817.0,1817271.0,1875713.0,1930175.0,1979786.0,2025137.0,41.13028375,40.8140906,40.72566252,41.31956969,44.09590117,43.72065291,44.38554846,15376859682.0,16184310412.0,17096894962.0,17834619900.0,18526406863.0,18913875956.0,19007559999.0
Latvia,LVA,2059709.0,2034319.0,2012647.0,1993782.0,1977527.0,1959537.0,1942248.0,16.5726763,15.59855973,14.88430819,14.8790851,13.9682016,13.44747197,13.42645752,25273331011.0,26293015996.0,26931897162.0,27432357432.0,28247565849.0,28830703315.0,30167432998.0
Guinea-Bissau,GNB,1596154.0,1638139.0,1681495.0,1725744.0,1770526.0,1815698.0,1861283.0,27.38943995,27.0902178,26.52420728,26.94095978,31.79127202,29.58586773,29.77470228,917693960.1,901976771.6,931344271.8,940327653.1,998008131.2,1060511441.0,1123284986.0
Kosovo,XKX,1791000.0,1805200.0,1824100.0,1821800.0,1801800.0,1816200.0,1830700.0,,,,,,,,6111058328.0,6287994768.0,6503750331.0,6581669876.0,6851153357.0,7129075778.0,7430486581.0
Bahrain,BHR,1278269.0,1300217.0,1315411.0,1336397.0,1371855.0,1425171.0,1492584.0,63.73249929,70.28748254,67.79467818,62.75854371,72.60467743,69.86418236,70.81620768,26223377132.0,27202099524.0,28675502255.0,29922841391.0,30779223484.0,31847546847.0,33058875381.0
Trinidad and Tobago,TTO,1334788.0,1341588.0,1348248.0,1354493.0,1360092.0,1364962.0,1369125.0,29.85162487,27.94250467,27.15873901,24.85584226,24.8980769,24.23048069,24.10856843,22092032459.0,22377898712.0,22597392289.0,22540410080.0,22882384833.0,21519267131.0,21016574011.0
Eswatini,SWZ,1225258.0,1248158.0,1271456.0,1295097.0,1319011.0,1343098.0,1367254.0,17.97331213,18.1823313,18.30780849,17.97877739,17.92480826,17.14854776,17.16878731,4538527974.0,4752652121.0,5057821995.0,5155489045.0,5175653651.0,5342437662.0,5442504423.0
Estonia,EST,1327439.0,1322696.0,1317997.0,1314545.0,1315407.0,1315790.0,1317384.0,8.442558919,7.810698651,7.482813577999999,7.705552572,7.003727672999999,6.821448031,6.732124015,20971721297.0,21875027648.0,22298647062.0,22942757718.0,23378735867.0,24194442664.0,25369490981.0
Timor-Leste,TLS,1131523.0,1156760.0,1184366.0,1212814.0,1240977.0,1268671.0,1296311.0,23.75671867,22.46662382,21.96462302,20.45010047,20.62318671,20.01790265,19.25720917,4472146874.0,4694094125.0,4177660767.0,3089457608.0,3734488045.0,3765404275.0,3464086900.0
Equatorial Guinea,GNQ,994290.0,1038593.0,1083746.0,1129424.0,1175389.0,1221490.0,1267689.0,46.85258767,45.23237247,43.62579322,44.30179969,52.63437057,54.50903017,53.24062104,17361846463.0,18805114509.0,18027861798.0,18102689377.0,16453526926.0,15049397650.0,14309494798.0
Mauritius,MUS,1252404.0,1255882.0,1258653.0,1260934.0,1262605.0,1263473.0,1264613.0,15.20170165,15.24585596,15.55617651,15.29264823,14.44195579,14.34637947,14.45782732,10411565236.0,10775566009.0,11137661607.0,11554745827.0,11965292676.0,12424514917.0,12898941213.0
Cyprus,CYP,1124835.0,1135062.0,1143896.0,1152309.0,1160985.0,1170125.0,1179551.0,20.09096399,19.22484321,18.68454574,18.29352737,19.10134763,16.958021600000002,17.2944062,25665390728.0,24926715232.0,23481139073.0,23173192053.0,23627920530.0,24764940397.0,25812847682.0
Djibouti,DJI,865937.0,881185.0,896688.0,912164.0,927414.0,942333.0,956985.0,40.44183546,39.94282079,40.10377303,41.25972754,45.95080851,45.86887513,45.54961760000001,,,,,,,
Fiji,FJI,867086.0,873596.0,879715.0,885806.0,892149.0,898760.0,905502.0,13.83646142,12.85205328,12.14461761,11.92289283,11.64194513,11.05934316,10.8401599,3225464090.0,3270985505.0,3425841169.0,3617808676.0,3756891967.0,3771168286.0,3914472684.0
Comoros,COM,706569.0,723868.0,741500.0,759385.0,777424.0,795601.0,813912.0,21.02016044,21.2526292,21.04796184,21.50207199,20.71555746,20.48272773,20.5468246,944282560.4,974502179.3,1018353552.0,1039739042.0,1051175803.0,1074177606.0,1103262670.0
Bhutan,BTN,740510.0,752967.0,764961.0,776448.0,787386.0,797765.0,807610.0,43.07170329,42.93227289,41.88190701,40.83967373,39.81863873,37.22436394,37.9265032,1710580807.0,1797336501.0,1835844374.0,1941321989.0,2070314376.0,2236397091.0,2339922180.0
Guyana,GUY,749100.0,753091.0,758081.0,763393.0,768514.0,773303.0,777859.0,27.92942466,26.90129942,24.85550257,23.64826569,23.88788174,22.37149881,22.37557463,2391347771.0,2517522600.0,2643412954.0,2745103039.0,2831914391.0,2925824401.0,3011395060.0
"Macao SAR, China",MAC,549439.0,562531.0,575841.0,588781.0,600942.0,612167.0,622567.0,,,,,,,,34218688481.0,37379527308.0,41566105563.0,41066849519.0,32198666456.0,31920753720.0,34824298574.0
Montenegro,MNE,620079.0,620601.0,621207.0,621810.0,622159.0,622303.0,622373.0,26.62922388,24.68030289,23.27422599,21.94705168,22.55969129,20.92405137,20.78181355,4271646199.0,4156311751.0,4301782663.0,4379214751.0,4528108052.0,4659423186.0,4878416075.0
Solomon Islands,SLB,539614.0,551531.0,563513.0,575504.0,587482.0,599419.0,611343.0,14.37537331,13.43024493,12.55325496,12.17203082,12.69969555,11.83068915,11.87912184,771033399.4,806157014.5,830485620.4,849172302.1,870760296.7,900859053.1,930032625.4
Luxembourg,LUX,518347.0,530946.0,543360.0,556319.0,569604.0,582014.0,596336.0,12.68599568,11.77557609,11.6053841,10.85761339,11.00665465,10.31198129,10.3646374,54563666562.0,54371319074.0,56358248456.0,58779842025.0,61081638753.0,62554580195.0,63521461701.0
Suriname,SUR,531589.0,537077.0,542540.0,547928.0,553208.0,558368.0,563402.0,31.03872183,29.1336101,28.80831685,25.99884713,25.9732844,25.31697817,24.78001054,4624018823.0,4748421116.0,4887713258.0,4900201616.0,4733050948.0,4469836830.0,4545246714.0
Cabo Verde,CPV,508067.0,513979.0,520106.0,526437.0,532913.0,539560.0,546388.0,31.64177817,32.94099303,32.08584342,31.62108111,38.63361366,33.39233075,34.7787001,1730365372.0,1749086512.0,1763128136.0,1773904599.0,1791765400.0,1876082144.0,1951374147.0
Malta,MLT,416268.0,420028.0,425967.0,434558.0,445053.0,455356.0,467999.0,16.64430398,15.39716095,15.28194422,14.43540357,14.72246254,13.81139444,13.90954337,8856688742.0,9096953642.0,9516423841.0,10288609272.0,11278543046.0,11868476821.0,12630728477.0
Maldives,MDV,375131.0,386203.0,397397.0,408247.0,418403.0,427756.0,436330.0,11.78963462,11.1574823,10.56967928,9.921230863,9.37394394,7.972428925,7.795820798999999,2809898201.0,2880634127.0,3090375229.0,3316887569.0,3412565431.0,3661313683.0,3914372497.0
Brunei Darussalam,BRN,394013.0,399748.0,405716.0,411704.0,417542.0,423196.0,428697.0,7.366187122,7.570822949,6.709489682999999,6.180830115,6.4841797739999985,5.927600072000001,5.903065467999999,14220755409.0,14350568390.0,14045471214.0,13715438210.0,13637697103.0,13301457646.0,13478200979.0
"Bahamas, The",BHS,366568.0,372039.0,377240.0,382169.0,386838.0,391232.0,395361.0,21.77442494,20.31707569,19.90940079,18.49533328,18.88630621,17.65132069,17.36772049,10157636656.0,10471171092.0,10428194409.0,10412761873.0,10521571020.0,10343803832.0,10492464085.0
Belize,BLZ,329192.0,336701.0,344181.0,351694.0,359288.0,366954.0,374681.0,28.80044628,27.40912213,27.28443966,24.42114809,25.21682566,23.06568424,23.01189211,1426937515.0,1468858266.0,1481371978.0,1536069734.0,1588786887.0,1579444444.0,1602145624.0
Iceland,ISL,319014.0,320716.0,323764.0,327386.0,330815.0,335439.0,343400.0,8.098884846,7.33692926,7.171207035,6.9488966460000015,6.9279689410000005,6.60765416,6.481147263,13941164776.0,14121903068.0,14705681513.0,15011601923.0,15682299357.0,16835179721.0,17512773948.0
Barbados,BRB,280601.0,281585.0,282509.0,283385.0,284217.0,284996.0,285719.0,29.30348967,27.03352956,26.23023054,25.18301447,24.68624082,23.45919984,23.0801758,4559674767.0,4572494459.0,4572907997.0,4573735074.0,4615088917.0,4707721526.0,4754798742.0
French Polynesia,PYF,269843.0,271703.0,273528.0,275484.0,277690.0,280208.0,283007.0,,,,,,,,,,,,,,
New Caledonia,NCL,254350.0,259000.0,263650.0,268050.0,272400.0,276550.0,280460.0,,,,,,,,,,,,,,
Vanuatu,VUT,241871.0,247485.0,253142.0,258850.0,264603.0,270402.0,276244.0,14.38296402,13.24245239,12.74069289,11.93385168,12.15721001,11.59090896,11.65277703,709376703.2,721824490.4,736038269.0,753195366.8,747161562.6,777052317.5,812024958.1
Sao Tome and Principe,STP,178800.0,182889.0,187045.0,191266.0,195553.0,199910.0,204327.0,27.86024402,25.91584337,27.65881666,27.86230189,28.43209352,28.6665386,28.53958436,206138480.6,212615301.9,222852291.5,237448967.6,246519490.9,256822056.3,266773808.8
Samoa,WSM,187665.0,189194.0,190757.0,192290.0,193759.0,195125.0,196440.0,14.69309609,13.62788239,13.38252208,12.64355999,12.32179572,11.36629822,11.54802701,680205473.7,682940604.6,669733497.9,679088037.7,688942051.1,738335201.0,758305683.8
St. Lucia,LCA,173832.0,174835.0,175660.0,176421.0,177206.0,178015.0,178844.0,28.07865593,26.36748478,25.44480168,24.23630259,24.28323968,22.35339926,22.40081712,1430651614.0,1421648288.0,1402836982.0,1452818988.0,1439236909.0,1487669434.0,1544463475.0
Channel Islands,CHI,160497.0,161358.0,162180.0,162969.0,163758.0,164541.0,165314.0,,,,,,,,,,,,,,
Guam,GUM,159678.0,159973.0,160375.0,160967.0,161797.0,162896.0,164229.0,14.1035329,13.24230178,12.78879461,12.02255289,12.53178352,11.65176784,11.63440681,4901017210.0,5000301168.0,5091562180.0,5179814587.0,5208897767.0,5221935054.0,5231963737.0
Curacao,CUW,150831.0,152088.0,153822.0,155909.0,157980.0,159664.0,160175.0,,,,,,,,,,,,,,
Kiribati,KIR,104656.0,106613.0,108535.0,110458.0,112407.0,114395.0,116398.0,13.35815463,12.59423175,12.32529751,11.39374232,11.51431847,10.53783926,10.64085586,158610338.3,166086149.7,173086305.5,171878460.6,189763115.6,199497490.0,200152719.1
St. Vincent and the Grenadines,VCT,109341.0,109328.0,109320.0,109357.0,109455.0,109643.0,109897.0,27.58281022,25.75407882,24.76218005,23.03093206,23.47317148,22.07655177,22.20051632,678369231.8,687747146.5,700354717.0,708854724.0,718364995.4,732555979.3,738855566.8
Tonga,TON,104577.0,104951.0,105328.0,105782.0,106364.0,107122.0,108020.0,13.5170884,12.43817111,12.14771339,12.05763996,11.31296782,10.95142376,10.78547886,379775900.6,383157131.2,371200315.8,378893840.5,392957799.6,406237705.3,417206123.4
Grenada,GRD,105075.0,105481.0,105909.0,106360.0,106823.0,107317.0,107825.0,28.13951521,26.46891843,25.84730814,24.28703113,24.16278293,22.88869124,22.72268748,776911332.0,767936889.4,785994301.6,843718324.6,898080308.9,931629123.9,978762255.1
Virgin Islands (U.S.),VIR,108292.0,108191.0,108044.0,107884.0,107710.0,107510.0,107268.0,12.99373844,12.23312314,11.95551314,11.1658167,11.02889651,10.26484343,10.26531228,3985004716.0,3386486678.0,3189026880.0,3158333648.0,3166518510.0,3196188635.0,
"Micronesia, Fed. Sts.",FSM,103468.0,103503.0,103702.0,104015.0,104433.0,104937.0,105544.0,13.731652100000002,12.97443872,12.74251533,11.86686885,11.72598465,11.13451107,11.28339944,306450200.9,300353437.6,288764224.8,282538298.0,296471675.7,298546977.4,308100480.7
Aruba,ABW,102053.0,102577.0,103187.0,103795.0,104341.0,104822.0,105264.0,,,,,,,,2472880828.0,2439005749.0,2541400876.0,2562957745.0,2551409423.0,2546020205.0,2579895285.0
Antigua and Barbuda,ATG,95719.0,96777.0,97824.0,98875.0,99923.0,100963.0,102012.0,23.1478617,21.47105044,20.73538507,19.72558362,19.69638779,18.46093032,18.62234285,1128507775.0,1168080145.0,1166866906.0,1221221065.0,1270384239.0,1341395404.0,1382074643.0
Seychelles,SYC,87441.0,88303.0,89949.0,91359.0,93419.0,94677.0,95843.0,21.61035805,21.49533511,20.96973692,20.97051747,20.05359496,20.40382446,20.17864936,1046438131.0,1059631924.0,1123401382.0,1174008204.0,1231973526.0,1287449683.0,1355489119.0
Isle of Man,IMN,80759.0,81406.0,82013.0,82590.0,83167.0,83737.0,84287.0,,,,,,,,6038581242.0,6231815842.0,6512247555.0,6837859933.0,6776319193.0,7277766814.0,
Andorra,AND,83751.0,82431.0,80788.0,79223.0,78014.0,77281.0,76965.0,13.27350555,12.40705303,11.81367331,10.83041825,11.46217847,10.25583443,10.30762139,3199771534.0,3148088243.0,3159158338.0,3231113955.0,3258326510.0,3319880351.0,3382068238.0
Dominica,DMA,71718.0,72044.0,72400.0,72778.0,73162.0,73543.0,73925.0,24.27612298,22.21579925,22.15106827,21.01030747,20.68878863,19.98814835,19.49315376,492719836.6,487502987.6,484540472.0,505806447.8,492905854.3,505337165.4,457177174.3
Bermuda,BMU,64564.0,64798.0,65001.0,65139.0,65239.0,65341.0,65441.0,14.84311292,13.97908263,13.47885095,12.80641477,12.41796108,11.65994362,11.64635919,5552579616.0,5284137924.0,5151445060.0,,,,
Cayman Islands,CYM,56579.0,57523.0,58371.0,59172.0,59963.0,60765.0,61559.0,,,,,,,,,,,,,,
Greenland,GRL,56890.0,56810.0,56483.0,56295.0,56114.0,56186.0,56171.0,14.09660544,13.40669025,12.75796756,12.51054773,11.76203951,11.57250485,11.60217946,2490727405.0,2525452961.0,2482655003.0,2614551662.0,2622659626.0,2823634004.0,
American Samoa,ASM,55320.0,55230.0,55307.0,55437.0,55537.0,55599.0,55641.0,15.39064186,14.34415015,14.12722552,13.31699203,13.0193901,12.38272987,12.47382024,577691630.0,552317180.6,537092511.0,542167400.9,548933920.7,534555066.1,505797356.8
St. Kitts and Nevis,KNA,52006.0,52591.0,53169.0,53739.0,54288.0,54821.0,55345.0,,,,,,,,780463737.2,775346450.5,817726686.0,867244758.7,885861525.5,906391441.9,917001323.3
Northern Mariana Islands,MNP,53786.0,53718.0,54036.0,54468.0,54816.0,55023.0,55144.0,12.19962657,11.43999611,10.96502021,10.3134722,10.39771204,9.91775575,9.892981128999999,737538461.5,741503722.1,759347394.5,788095533.5,814861042.2,1044846154.0,1307544665.0
Marshall Islands,MHL,52542.0,52663.0,52793.0,52898.0,52994.0,53066.0,53127.0,12.93217057,12.12353358,11.87438859,11.07022018,10.83766846,10.15200199,10.24133222,166959486.5,172732723.1,177673015.8,176328132.6,175685334.4,179041793.9,185487298.5
Faroe Islands,FRO,48608.0,48666.0,48747.0,48842.0,48965.0,49117.0,49290.0,,,,,,,,,,,,,,
Sint Maarten (Dutch part),SXM,33435.0,34640.0,36607.0,37685.0,38824.0,39969.0,41109.0,,,,,,,,,,,,,,
Monaco,MCO,37497.0,37783.0,37971.0,38132.0,38307.0,38499.0,38695.0,,,,,,,,5741986755.0,5798543046.0,6353509934.0,6809668874.0,7146225166.0,7375894040.0,
Liechtenstein,LIE,36264.0,36545.0,36834.0,37127.0,37403.0,37666.0,37922.0,,,,,,,,,,,,,,
Turks and Caicos Islands,TCA,31731.0,32431.0,33108.0,33739.0,34339.0,34900.0,35446.0,,,,,,,,,,,,,,
Gibraltar,GIB,33405.0,33623.0,33831.0,34038.0,34228.0,34408.0,34571.0,,,,,,,,,,,,,,
San Marino,SMR,31504.0,31914.0,32303.0,32657.0,32960.0,33203.0,33400.0,,,,,,,,1937142143.0,1790916460.0,1736604063.0,1720974627.0,1731300474.0,1769389085.0,1795929921.0
St. Martin (French part),MAF,30615.0,30959.0,31264.0,31530.0,31754.0,31949.0,32125.0,,,,,,,,,,,,,,
British Virgin Islands,VGB,27901.0,28509.0,29056.0,29588.0,30113.0,30661.0,31196.0,,,,,,,,,,,,,,
Palau,PLW,20599.0,20758.0,20920.0,21094.0,21288.0,21503.0,21729.0,,,,,,,,192713097.5,199645404.8,195444962.6,204777169.9,226137421.9,227328191.3,219211286.3
Nauru,NRU,10057.0,10279.0,10821.0,11853.0,12475.0,13049.0,12876.0,,,,,,,,55003298.71,60551234.79,81268829.18,110951536.1,114067267.4,125930267.7,131162273.8
Tuvalu,TUV,10628.0,10725.0,10819.0,10908.0,11001.0,11097.0,11192.0,,,,,,,,34215328.62,32902991.3,34408843.31,34872648.32,38061023.84,39216157.28,40487383.96
Eritrea,ERI,4474690.0,,,,,,,45.25744675,46.13384645,47.62781596,44.37494629,49.82891214,48.67093668,48.03019868,2300794306.0,,,,,,
